id,title,author,isbn,genre,category,pages,publisher,language,edition,publication_date,type,format,condition,location,status,copies,total_copies,description,date_added,last_updated
1,Fundamentals of Wavelets,"Goswami, Jaideva",978-0471384719,signal_processing,Engineering,228,Wiley,English,1st,2009-05-15,1,0,1,A1-2-3,0,1,1,"Comprehensive introduction to wavelet theory with applications in signal processing","2024-01-15","2024-01-15"
2,Data Smart,"Foreman, John",978-1118661468,data_science,Computer Science,235,Wiley,English,1st,2013-11-01,1,0,1,B2-1-4,0,1,1,"Data science techniques explained using Excel and practical examples","2024-01-15","2024-01-15"
3,God Created the Integers,"Hawking, Stephen",978-0762419227,mathematics,Science,197,Penguin,English,2nd,2007-04-01,1,0,2,A1-1-1,0,1,1,"Landmark mathematical proofs and discoveries throughout history","2024-01-16","2024-01-20"
4,Superfreakonomics,"Dubner, Stephen",978-0060889579,economics,Social Science,179,HarperCollins,English,1st,2011-10-11,1,0,1,B3-2-5,0,1,1,"Economic analysis of unconventional topics and global issues","2024-01-16","2024-01-16"
5,Orientalism,"Said, Edward",978-0394740676,history,Cultural Studies,197,Penguin,English,25th Anniversary,2014-05-01,1,0,2,C1-3-2,0,1,1,"Groundbreaking work on Western perceptions of the Eastern world","2024-01-17","2024-01-17"
6,"Nature of Statistical Learning Theory, The","Vapnik, Vladimir",978-0387987804,data_science,Mathematics,230,Springer,English,2nd,2013-11-01,1,0,1,B2-1-6,0,1,1,"Foundational text on statistical learning theory and VC dimension","2024-01-17","2024-01-17"
7,Integration of the Indian States,"Menon, V P",978-8125014513,history,Political Science,217,Orient Blackswan,English,1st,2015-06-15,1,0,2,C1-2-1,0,1,1,"Detailed account of the political integration of India after independence","2024-01-18","2024-01-18"
8,"Drunkard's Walk, The","Mlodinow, Leonard",978-0307275172,science,Physics,197,Penguin,English,1st,2009-05-05,1,0,1,B1-3-4,0,1,1,"How randomness rules our lives and shapes our world","2024-01-18","2024-01-18"
9,Image Processing & Mathematical Morphology,"Shih, Frank",978-1420089431,signal_processing,Engineering,241,CRC,English,1st,2017-08-15,1,0,1,A2-1-3,0,1,1,"Advanced techniques in image processing and mathematical morphology","2024-01-19","2024-01-19"
10,How to Think Like Sherlock Holmes,"Konnikova, Maria",978-0143123983,psychology,Self-Help,240,Penguin,English,1st,2013-12-03,1,0,1,D1-2-1,0,1,1,"Psychology of observation, deduction, and mental training","2024-01-19","2024-01-19"
11,Data Scientists at Work,"Gutierrez, Sebastian",978-1430265982,data_science,Computer Science,230,Apress,English,1st,2014-04-16,1,0,1,B2-1-4,0,1,1,"Interviews with leading data scientists about their work","2024-01-20","2024-01-20"
12,Slaughterhouse Five,"Vonnegut, Kurt",978-0385333849,fiction,Literature,198,Random House,English,1st,1999-01-12,1,0,1,E1-2-3,0,1,1,"Anti-war novel blending science fiction and autobiography","2024-01-20","2024-01-20"
13,Birth of a Theorem,"Villani, Cedric",978-0374533568,mathematics,Science,234,Bodley Head,English,1st,2015-03-03,1,0,1,A1-1-2,0,1,1,"Mathematician's personal journey in discovering new theorems","2024-01-21","2024-01-21"
14,Structure & Interpretation of Computer Programs,"Sussman, Gerald",978-0262510875,computer_science,Programming,240,MIT Press,English,2nd,1996-07-25,1,0,1,B1-1-1,0,1,1,"Classic computer science text on programming abstractions","2024-01-21","2024-01-21"
15,"Age of Wrath, The","Eraly, Abraham",978-0143421041,history,Medieval History,238,Penguin,English,1st,2014-01-01,1,0,1,C1-3-1,0,1,1,"History of the Delhi Sultanate period in India","2024-01-22","2024-01-22"
16,"Trial, The","Kafka, Frank",978-0805209990,fiction,Literature,198,Random House,English,1st,1995-03-28,1,0,1,E1-2-4,0,1,1,"Surreal novel about a man arrested by a remote authority","2024-01-22","2024-01-22"
17,Statistical Decision Theory,'"Pratt, John"',978-0262161442,data_science,Statistics,236,MIT Press,English,1st,1995-08-15,1,0,1,B2-1-6,0,1,1,"Foundational principles of statistical decision theory","2024-01-23","2024-01-23"
18,Data Mining Handbook,"Nisbet, Robert",978-0123748560,data_science,Computer Science,242,Apress,English,1st,2009-04-06,1,0,1,B2-1-4,0,1,1,"Practical guide to data mining techniques and applications","2024-01-23","2024-01-23"
19,"New Machiavelli, The","Wells, H. G.",978-0141441076,fiction,Literature,180,Penguin,English,1st,2005-09-29,1,0,1,E1-2-5,0,1,1,"Political novel exploring power and idealism","2024-01-24","2024-01-24"
20,Physics & Philosophy,"Heisenberg, Werner",978-0061209192,science,Physics,197,Penguin,English,1st,2007-05-01,1,0,1,B1-3-4,0,1,1,"Nobel laureate explores the philosophical implications of quantum mechanics","2024-01-24","2024-01-24"
21,Making Software,"Oram, Andy",978-0596808295,computer_science,Software Engineering,232,O'Reilly,English,1st,2010-10-26,1,0,1,B1-1-2,0,1,1,"What really works in software development - evidence-based insights","2024-01-25","2024-01-25"
22,"Analysis, Vol I","Tao, Terence",978-9380250649,mathematics,Mathematics,248,HBA,English,3rd,2016-01-01,1,0,1,A1-1-1,0,1,1,"Rigorous introduction to real analysis by Fields medalist","2024-01-25","2024-01-25"
23,Machine Learning for Hackers,"Conway, Drew",978-1449303716,data_science,Machine Learning,233,O'Reilly,English,1st,2012-02-23,1,0,1,B2-1-5,0,1,1,"Practical machine learning techniques with case studies in R","2024-01-26","2024-01-26"
24,"Signal and the Noise, The","Silver, Nate",978-0143125083,data_science,Statistics,233,Penguin,English,1st,2015-02-03,1,0,1,B2-1-6,0,1,1,"Why so many predictions fail and how to make better ones","2024-01-26","2024-01-26"
25,Python for Data Analysis,"McKinney, Wes",978-1449319793,data_science,Programming,233,O'Reilly,English,1st,2012-10-28,1,0,1,B2-1-5,0,1,1,"Data wrangling with Pandas, NumPy, and Python","2024-01-27","2024-01-27"
26,Introduction to Algorithms,"Cormen, Thomas",978-0262033848,computer_science,Algorithms,234,MIT Press,English,3rd,2009-07-31,1,0,1,B1-1-1,0,1,1,"Comprehensive textbook on algorithms and data structures","2024-01-27","2024-01-27"
27,"Beautiful and the Damned, The","Deb, Siddhartha",978-0143418645,nonfiction,Biography,198,Penguin,English,1st,2013-01-01,1,0,1,F1-1-2,0,1,1,"Portrait of India's elite and their complex lives","2024-01-28","2024-01-28"
28,"Outsider, The","Camus, Albert",978-0679720201,fiction,Philosophy,198,Penguin,English,1st,1989-03-13,1,0,1,E1-2-3,0,1,1,"Classic existentialist novel about alienation and absurdity","2024-01-28","2024-01-28"
29,"Complete Sherlock Holmes, The - Vol I","Doyle, Arthur Conan",978-0553212419,fiction,Mystery,176,Random House,English,1st,1986-09-01,1,0,1,E1-1-1,0,1,1,"First volume of collected Sherlock Holmes stories","2024-01-29","2024-01-29"
30,"Complete Sherlock Holmes, The - Vol II","Doyle, Arthur Conan",978-0553212426,fiction,Mystery,176,Random House,English,1st,1986-09-01,1,0,1,E1-1-1,0,1,1,"Second volume of collected Sherlock Holmes stories","2024-01-29","2024-01-29"
31,"Wealth of Nations, The","Smith, Adam",978-0553585971,economics,Classical Economics,175,Random House,English,1st,2003-03-04,1,0,1,B3-2-3,0,1,1,"Foundational work of classical economics","2024-01-30","2024-01-30"
32,"Pillars of the Earth, The","Follett, Ken",978-0451225245,fiction,Historical Fiction,176,Random House,English,1st,2007-10-30,1,0,1,E1-3-1,0,1,1,"Epic historical novel about building a cathedral in medieval England","2024-01-30","2024-01-30"
33,Mein Kampf,"Hitler, Adolf",978-0395925034,nonfiction,History,212,Rupa,English,1st,1999-01-01,1,0,1,F1-2-4,0,1,1,"Autobiographical manifesto by Nazi leader - historical document","2024-01-31","2024-01-31"
34,"Tao of Physics, The","Capra, Fritjof",978-1567312818,science,Physics,179,Penguin,English,4th,2000-05-01,1,0,1,B1-3-3,0,1,1,"Explores parallels between modern physics and Eastern mysticism","2024-01-31","2024-01-31"
35,Surely You're Joking Mr Feynman,"Feynman, Richard",978-0393316049,science,Physics,198,Random House,English,1st,1997-04-01,1,0,1,B1-3-2,0,1,1,"Adventures of a curious character - Nobel laureate's memoirs","2024-02-01","2024-02-01"
36,"Farewell to Arms, A","Hemingway, Ernest",978-0684801469,fiction,Literature,179,Rupa,English,1st,1995-05-01,1,0,1,E1-2-2,0,1,1,"Love story set against the backdrop of World War I","2024-02-01","2024-02-01"
37,"Veteran, The","Forsyth, Frederick",978-0553585490,fiction,Thriller,177,Transworld,English,1st,2002-09-24,1,0,1,E1-3-3,0,1,1,"Collection of five gripping short stories","2024-02-02","2024-02-02"
38,False Impressions,"Archer, Jeffery",978-0312539526,fiction,Thriller,177,Pan,English,1st,2006-10-31,1,0,1,E1-3-3,0,1,1,"Suspenseful tale of art forgery and murder","2024-02-02","2024-02-02"
39,"Last Lecture, The","Pausch, Randy",978-1401323257,nonfiction,Inspirational,197,Hyperion,English,1st,2008-04-08,1,0,1,F1-1-1,0,1,1,"Profound life lessons from a dying professor","2024-02-03","2024-02-03"
40,Return of the Primitive,"Rand, Ayn",978-0452011841,philosophy,Objectivism,202,Penguin,English,1st,1999-04-01,1,0,1,G1-1-2,0,1,1,"Collection of essays on philosophy and culture","2024-02-03","2024-02-03"
41,Jurassic Park,"Crichton, Michael",978-0000000001,fiction,Literature,174,Random House,English,1st,2000-01-01,1,0,1,A1-1-1,0,1,1,,"2024-01-15","2024-01-15"
42,"Russian Journal, A","Steinbeck, John",978-0000000002,nonfiction,Literature,196,Penguin,English,1st,2000-01-01,1,0,1,A1-1-2,0,1,1,,"2024-01-15","2024-01-15"
43,Tales of Mystery and Imagination,"Poe, Edgar Allen",978-0000000003,fiction,Literature,172,HarperCollins,English,1st,2000-01-01,1,0,1,A1-1-3,0,1,1,,"2024-01-15","2024-01-15"
44,Freakonomics,"Dubner, Stephen",978-0000000004,economics,Business,197,Penguin,English,1st,2000-01-01,1,0,1,A1-1-4,0,1,1,,"2024-01-15","2024-01-15"
45,"Hidden Connections, The","Capra, Fritjof",978-0000000005,science,Science,197,HarperCollins,English,1st,2000-01-01,1,0,1,A1-1-5,0,1,1,,"2024-01-15","2024-01-15"
46,"Story of Philosophy, The","Durant, Will",978-0000000006,philosophy,Philosophy,170,Pocket,English,1st,2000-01-01,1,0,1,A1-1-6,0,1,1,,"2024-01-15","2024-01-15"
47,Asami Asami,"Deshpande, P L",978-0000000007,fiction,Literature,205,Mauj,English,1st,2000-01-01,1,0,1,A1-1-7,0,1,1,,"2024-01-15","2024-01-15"
48,Journal of a Novel,"Steinbeck, John",978-0000000008,fiction,Literature,196,Penguin,English,1st,2000-01-01,1,0,1,A1-1-8,0,1,1,,"2024-01-15","2024-01-15"
49,Once There Was a War,"Steinbeck, John",978-0000000009,nonfiction,Literature,196,Penguin,English,1st,2000-01-01,1,0,1,A1-1-9,0,1,1,,"2024-01-15","2024-01-15"
50,"Moon is Down, The","Steinbeck, John",978-0000000010,fiction,Literature,196,Penguin,English,1st,2000-01-01,1,0,1,A1-1-10,0,1,1,,"2024-01-15","2024-01-15"
51,"Brethren, The","Grisham, John",978-0000000011,fiction,Literature,174,Random House,English,1st,2000-01-01,1,0,1,A1-1-11,0,1,1,,"2024-01-15","2024-01-15"
52,In a Free State,"Naipaul, V. S.",978-0000000012,fiction,Literature,196,Rupa,English,1st,2000-01-01,1,0,1,A1-1-12,0,1,1,,"2024-01-15","2024-01-15"
53,Catch 22,"Heller, Joseph",978-0000000013,fiction,Literature,178,Random House,English,1st,2000-01-01,1,0,1,A1-1-13,0,1,1,,"2024-01-15","2024-01-15"
54,"Complete Mastermind, The",BBC,978-0000000014,nonfiction,General,178,BBC,English,1st,2000-01-01,1,0,1,A1-1-14,0,1,1,,"2024-01-15","2024-01-15"
55,Dylan on Dylan,"Dylan, Bob",978-0000000015,nonfiction,Music,197,Random House,English,1st,2000-01-01,1,0,1,A1-1-15,0,1,1,,"2024-01-15","2024-01-15"
56,Soft Computing & Intelligent Systems,"Gupta, Madan",978-0000000016,data_science,Computer Science,242,Elsevier,English,1st,2000-01-01,1,0,1,A1-1-16,0,1,1,,"2024-01-15","2024-01-15"
57,Textbook of Economic Theory,"Stonier, Alfred",978-0000000017,economics,Business,242,Pearson,English,1st,2000-01-01,1,0,1,A1-1-17,0,1,1,,"2024-01-15","2024-01-15"
58,Econometric Analysis,"Greene, W. H.",978-0000000018,economics,Business,242,Pearson,English,1st,2000-01-01,1,0,1,A1-1-18,0,1,1,,"2024-01-15","2024-01-15"
59,Learning OpenCV,"Bradsky, Gary",978-0000000019,data_science,Computer Science,232,O'Reilly,English,1st,2000-01-01,1,0,1,A1-1-19,0,1,1,,"2024-01-15","2024-01-15"
60,Data Structures Using C & C++,"Tanenbaum, Andrew",978-0000000020,computer_science,Computer Science,235,Prentice Hall,English,1st,2000-01-01,1,0,1,A1-1-20,0,1,1,,"2024-01-15","2024-01-15"
61,"Computer Vision, A Modern Approach","Forsyth, David",978-0000000021,data_science,Computer Science,255,Pearson,English,1st,2000-01-01,1,0,1,A1-1-21,0,1,1,,"2024-01-15","2024-01-15"
62,Principles of Communication Systems,"Taub, Schilling",978-0000000022,computer_science,Engineering,240,TMH,English,1st,2000-01-01,1,0,1,A1-1-22,0,1,1,,"2024-01-15","2024-01-15"
63,Let Us C,"Kanetkar, Yashwant",978-0000000023,computer_science,Computer Science,213,Prentice Hall,English,1st,2000-01-01,1,0,1,A1-1-23,0,1,1,,"2024-01-15","2024-01-15"
64,"Amulet of Samarkand, The","Stroud, Jonathan",978-0000000024,fiction,Literature,179,Random House,English,1st,2000-01-01,1,0,1,A1-1-24,0,1,1,,"2024-01-15","2024-01-15"
65,Crime and Punishment,"Dostoevsky, Fyodor",978-0000000025,fiction,Literature,180,Penguin,English,1st,2000-01-01,1,0,1,A1-1-25,0,1,1,,"2024-01-15","2024-01-15"
66,Angels & Demons,"Brown, Dan",978-0000000026,fiction,Literature,178,Random House,English,1st,2000-01-01,1,0,1,A1-1-26,0,1,1,,"2024-01-15","2024-01-15"
67,"Argumentative Indian, The","Sen, Amartya",978-0000000027,nonfiction,Philosophy,209,Picador,English,1st,2000-01-01,1,0,1,A1-1-27,0,1,1,,"2024-01-15","2024-01-15"
68,Sea of Poppies,"Ghosh, Amitav",978-0000000028,fiction,Literature,197,Penguin,English,1st,2000-01-01,1,0,1,A1-1-28,0,1,1,,"2024-01-15","2024-01-15"
69,"Idea of Justice, The","Sen, Amartya",978-0000000029,nonfiction,Philosophy,212,Penguin,English,1st,2000-01-01,1,0,1,A1-1-29,0,1,1,,"2024-01-15","2024-01-15"
70,"Raisin in the Sun, A","Hansberry, Lorraine",978-0000000030,fiction,Literature,175,Penguin,English,1st,2000-01-01,1,0,1,A1-1-30,0,1,1,,"2024-01-15","2024-01-15"
71,All the President's Men,"Woodward, Bob",978-0000000031,history,History,177,Random House,English,1st,2000-01-01,1,0,1,A1-1-31,0,1,1,,"2024-01-15","2024-01-15"
72,"Prisoner of Birth, A","Archer, Jeffery",978-0000000032,fiction,Literature,176,Pan,English,1st,2000-01-01,1,0,1,A1-1-32,0,1,1,,"2024-01-15","2024-01-15"
73,Scoop!,"Nayar, Kuldip",978-0000000033,history,History,216,HarperCollins,English,1st,2000-01-01,1,0,1,A1-1-33,0,1,1,,"2024-01-15","2024-01-15"
74,Ahe Manohar Tari,"Deshpande, Sunita",978-0000000034,nonfiction,Literature,213,Mauj,English,1st,2000-01-01,1,0,1,A1-1-34,0,1,1,,"2024-01-15","2024-01-15"
75,"Last Mughal, The","Dalrymple, William",978-0000000035,history,History,199,Penguin,English,1st,2000-01-01,1,0,1,A1-1-35,0,1,1,,"2024-01-15","2024-01-15"
76,"Social Choice & Welfare, Vol 39 No. 1",Various,978-0000000036,economics,Business,235,Springer,English,1st,2000-01-01,1,0,1,A1-1-36,0,1,1,,"2024-01-15","2024-01-15"
77,Radiowaril Bhashane & Shrutika,"Deshpande, P L",978-0000000037,nonfiction,Literature,213,Mauj,English,1st,2000-01-01,1,0,1,A1-1-37,0,1,1,,"2024-01-15","2024-01-15"
78,Gun Gayin Awadi,"Deshpande, P L",978-0000000038,nonfiction,Literature,212,Mauj,English,1st,2000-01-01,1,0,1,A1-1-38,0,1,1,,"2024-01-15","2024-01-15"
79,Aghal Paghal,"Deshpande, P L",978-0000000039,nonfiction,Literature,212,Mauj,English,1st,2000-01-01,1,0,1,A1-1-39,0,1,1,,"2024-01-15","2024-01-15"
80,Maqta-e-Ghalib,"Garg, Sanjay",978-0000000040,fiction,Literature,221,Mauj,English,1st,2000-01-01,1,0,1,A1-1-40,0,1,1,,"2024-01-15","2024-01-15"
81,Beyond Degrees,,978-0000000041,nonfiction,Education,222,HarperCollins,English,1st,2000-01-01,1,0,1,A1-1-41,0,1,1,,"2024-01-15","2024-01-15"
82,Manasa,"Kale, V P",978-0000000042,nonfiction,Literature,213,Mauj,English,1st,2000-01-01,1,0,1,A1-1-42,0,1,1,,"2024-01-15","2024-01-15"
83,India from Midnight to Milennium,"Tharoor, Shashi",978-0000000043,history,History,198,Penguin,English,1st,2000-01-01,1,0,1,A1-1-43,0,1,1,,"2024-01-15","2024-01-15"
84,"World's Greatest Trials, The",,978-0000000044,history,History,210,,English,1st,2000-01-01,1,0,1,A1-1-44,0,1,1,,"2024-01-15","2024-01-15"
85,"Great Indian Novel, The","Tharoor, Shashi",978-0000000045,fiction,Literature,198,Penguin,English,1st,2000-01-01,1,0,1,A1-1-45,0,1,1,,"2024-01-15","2024-01-15"
86,O Jerusalem!,"Lapierre, Dominique",978-0000000046,history,History,217,vikas,English,1st,2000-01-01,1,0,1,A1-1-46,0,1,1,,"2024-01-15","2024-01-15"
87,"City of Joy, The","Lapierre, Dominique",978-0000000047,fiction,Literature,177,vikas,English,1st,2000-01-01,1,0,1,A1-1-47,0,1,1,,"2024-01-15","2024-01-15"
88,Freedom at Midnight,"Lapierre, Dominique",978-0000000048,history,History,167,vikas,English,1st,2000-01-01,1,0,1,A1-1-48,0,1,1,,"2024-01-15","2024-01-15"
89,"Winter of Our Discontent, The","Steinbeck, John",978-0000000049,fiction,Literature,196,Penguin,English,1st,2000-01-01,1,0,1,A1-1-49,0,1,1,,"2024-01-15","2024-01-15"
90,On Education,"Russell, Bertrand",978-0000000050,philosophy,Philosophy,203,Routledge,English,1st,2000-01-01,1,0,1,A1-1-50,0,1,1,,"2024-01-15","2024-01-15"
91,Free Will,"Harris, Sam",978-0000000051,philosophy,Philosophy,203,FreePress,English,1st,2000-01-01,1,0,1,A1-1-51,0,1,1,,"2024-01-15","2024-01-15"
92,Bookless in Baghdad,"Tharoor, Shashi",978-0000000052,nonfiction,Literature,206,Penguin,English,1st,2000-01-01,1,0,1,A1-1-52,0,1,1,,"2024-01-15","2024-01-15"
93,"Case of the Lame Canary, The","Gardner, Earle Stanley",978-0000000053,fiction,Literature,179,,English,1st,2000-01-01,1,0,1,A1-1-53,0,1,1,,"2024-01-15","2024-01-15"
94,"Theory of Everything, The","Hawking, Stephen",978-0000000054,science,Science,217,Jaico,English,1st,2000-01-01,1,0,1,A1-1-54,0,1,1,,"2024-01-15","2024-01-15"
95,New Markets & Other Essays,"Drucker, Peter",978-0000000055,economics,Business,176,Penguin,English,1st,2000-01-01,1,0,1,A1-1-55,0,1,1,,"2024-01-15","2024-01-15"
96,Electric Universe,"Bodanis, David",978-0000000056,science,Science,201,Penguin,English,1st,2000-01-01,1,0,1,A1-1-56,0,1,1,,"2024-01-15","2024-01-15"
97,"Hunchback of Notre Dame, The","Hugo, Victor",978-0000000057,fiction,Literature,175,Random House,English,1st,2000-01-01,1,0,1,A1-1-57,0,1,1,,"2024-01-15","2024-01-15"
98,Burning Bright,"Steinbeck, John",978-0000000058,fiction,Literature,175,Penguin,English,1st,2000-01-01,1,0,1,A1-1-58,0,1,1,,"2024-01-15","2024-01-15"
99,"Age of Discontuinity, The","Drucker, Peter",978-0000000059,economics,Business,178,Random House,English,1st,2000-01-01,1,0,1,A1-1-59,0,1,1,,"2024-01-15","2024-01-15"
100,Doctor in the Nude,"Gordon, Richard",978-0000000060,fiction,Literature,179,Penguin,English,1st,2000-01-01,1,0,1,A1-1-60,0,1,1,,"2024-01-15","2024-01-15"
101,Down and Out in Paris & London,"Orwell, George",978-0000000061,nonfiction,Literature,179,Penguin,English,1st,2000-01-01,1,0,1,A1-1-61,0,1,1,,"2024-01-15","2024-01-15"
102,Identity & Violence,"Sen, Amartya",978-0000000062,philosophy,Philosophy,219,Penguin,English,1st,2000-01-01,1,0,1,A1-1-62,0,1,1,,"2024-01-15","2024-01-15"
103,Beyond the Three Seas,"Dalrymple, William",978-0000000063,history,History,197,Random House,English,1st,2000-01-01,1,0,1,A1-1-63,0,1,1,,"2024-01-15","2024-01-15"
104,"World's Greatest Short Stories, The",,978-0000000064,fiction,Literature,217,Jaico,English,1st,2000-01-01,1,0,1,A1-1-64,0,1,1,,"2024-01-15","2024-01-15"
105,Talking Straight,"Iacoca, Lee",978-0000000065,nonfiction,Business,175,,English,1st,2000-01-01,1,0,1,A1-1-65,0,1,1,,"2024-01-15","2024-01-15"
106,"Maugham's Collected Short Stories, Vol 3","Maugham, William S",978-0000000066,fiction,Literature,171,Vintage,English,1st,2000-01-01,1,0,1,A1-1-66,0,1,1,,"2024-01-15","2024-01-15"
107,"Phantom of Manhattan, The","Forsyth, Frederick",978-0000000067,fiction,Literature,180,,English,1st,2000-01-01,1,0,1,A1-1-67,0,1,1,,"2024-01-15","2024-01-15"
108,Ashenden of The British Agent,"Maugham, William S",978-0000000068,fiction,Literature,160,Vintage,English,1st,2000-01-01,1,0,1,A1-1-68,0,1,1,,"2024-01-15","2024-01-15"
109,Zen & The Art of Motorcycle Maintenance,"Pirsig, Robert",978-0000000069,philosophy,Philosophy,172,Vintage,English,1st,2000-01-01,1,0,1,A1-1-69,0,1,1,,"2024-01-15","2024-01-15"
110,"Great War for Civilization, The","Fisk, Robert",978-0000000070,history,History,197,HarperCollins,English,1st,2000-01-01,1,0,1,A1-1-70,0,1,1,,"2024-01-15","2024-01-15"
111,We the Living,"Rand, Ayn",978-0000000071,fiction,Literature,178,Penguin,English,1st,2000-01-01,1,0,1,A1-1-71,0,1,1,,"2024-01-15","2024-01-15"
112,"Artist and the Mathematician, The","Aczel, Amir",978-0000000072,science,Science,186,HighStakes,English,1st,2000-01-01,1,0,1,A1-1-72,0,1,1,,"2024-01-15","2024-01-15"
113,History of Western Philosophy,"Russell, Bertrand",978-0000000073,philosophy,Philosophy,213,Routledge,English,1st,2000-01-01,1,0,1,A1-1-73,0,1,1,,"2024-01-15","2024-01-15"
114,Selected Short Stories,,978-0000000074,fiction,Literature,215,Jaico,English,1st,2000-01-01,1,0,1,A1-1-74,0,1,1,,"2024-01-15","2024-01-15"
115,Rationality & Freedom,"Sen, Amartya",978-0000000075,economics,Business,213,Springer,English,1st,2000-01-01,1,0,1,A1-1-75,0,1,1,,"2024-01-15","2024-01-15"
116,Clash of Civilizations and Remaking of the World Order,"Huntington, Samuel",978-0000000076,history,History,228,Simon&Schuster,English,1st,2000-01-01,1,0,1,A1-1-76,0,1,1,,"2024-01-15","2024-01-15"
117,Uncommon Wisdom,"Capra, Fritjof",978-0000000077,nonfiction,Science,197,Fontana,English,1st,2000-01-01,1,0,1,A1-1-77,0,1,1,,"2024-01-15","2024-01-15"
118,One,"Bach, Richard",978-0000000078,nonfiction,Philosophy,172,Dell,English,1st,2000-01-01,1,0,1,A1-1-78,0,1,1,,"2024-01-15","2024-01-15"
119,Karl Marx Biography,,978-0000000079,nonfiction,Biography,162,,English,1st,2000-01-01,1,0,1,A1-1-79,0,1,1,,"2024-01-15","2024-01-15"
120,To Sir With Love,Braithwaite,978-0000000080,fiction,Literature,197,Penguin,English,1st,2000-01-01,1,0,1,A1-1-80,0,1,1,,"2024-01-15","2024-01-15"
121,Half A Life,"Naipaul, V S",978-0000000081,fiction,Literature,196,,English,1st,2000-01-01,1,0,1,A1-1-81,0,1,1,,"2024-01-15","2024-01-15"
122,"Discovery of India, The","Nehru, Jawaharlal",978-0000000082,history,History,230,,English,1st,2000-01-01,1,0,1,A1-1-82,0,1,1,,"2024-01-15","2024-01-15"
123,Apulki,"Deshpande, P L",978-0000000083,nonfiction,Literature,211,,English,1st,2000-01-01,1,0,1,A1-1-83,0,1,1,,"2024-01-15","2024-01-15"
124,Unpopular Essays,"Russell, Bertrand",978-0000000084,philosophy,Philosophy,198,,English,1st,2000-01-01,1,0,1,A1-1-84,0,1,1,,"2024-01-15","2024-01-15"
125,"Deceiver, The","Forsyth, Frederick",978-0000000085,fiction,Literature,178,,English,1st,2000-01-01,1,0,1,A1-1-85,0,1,1,,"2024-01-15","2024-01-15"
126,Veil: Secret Wars of the CIA,"Woodward, Bob",978-0000000086,history,History,171,,English,1st,2000-01-01,1,0,1,A1-1-86,0,1,1,,"2024-01-15","2024-01-15"
127,Char Shabda,"Deshpande, P L",978-0000000087,nonfiction,Literature,214,,English,1st,2000-01-01,1,0,1,A1-1-87,0,1,1,,"2024-01-15","2024-01-15"
128,Rosy is My Relative,"Durrell, Gerald",978-0000000088,fiction,Literature,176,,English,1st,2000-01-01,1,0,1,A1-1-88,0,1,1,,"2024-01-15","2024-01-15"
129,"Moon and Sixpence, The","Maugham, William S",978-0000000089,fiction,Literature,180,,English,1st,2000-01-01,1,0,1,A1-1-89,0,1,1,,"2024-01-15","2024-01-15"
130,Political Philosophers,,978-0000000090,philosophy,Philosophy,162,,English,1st,2000-01-01,1,0,1,A1-1-90,0,1,1,,"2024-01-15","2024-01-15"
131,"Short History of the World, A","Wells, H G",978-0000000091,history,History,197,,English,1st,2000-01-01,1,0,1,A1-1-91,0,1,1,,"2024-01-15","2024-01-15"
132,"Trembling of a Leaf, The","Maugham, William S",978-0000000092,fiction,Literature,205,,English,1st,2000-01-01,1,0,1,A1-1-92,0,1,1,,"2024-01-15","2024-01-15"
133,Doctor on the Brain,"Gordon, Richard",978-0000000093,fiction,Literature,204,,English,1st,2000-01-01,1,0,1,A1-1-93,0,1,1,,"2024-01-15","2024-01-15"
134,Simpsons & Their Mathematical Secrets,"Singh, Simon",978-0000000094,science,Science,233,,English,1st,2000-01-01,1,0,1,A1-1-94,0,1,1,,"2024-01-15","2024-01-15"
135,Pattern Classification,"Duda, Hart",978-0000000095,data_science,Computer Science,241,,English,1st,2000-01-01,1,0,1,A1-1-95,0,1,1,,"2024-01-15","2024-01-15"
136,From Beirut to Jerusalem,"Friedman, Thomas",978-0000000096,history,History,202,,English,1st,2000-01-01,1,0,1,A1-1-96,0,1,1,,"2024-01-15","2024-01-15"
137,"Code Book, The","Singh, Simon",978-0000000097,science,Science,197,,English,1st,2000-01-01,1,0,1,A1-1-97,0,1,1,,"2024-01-15","2024-01-15"
138,"Age of the Warrior, The","Fisk, Robert",978-0000000098,history,History,197,,English,1st,2000-01-01,1,0,1,A1-1-98,0,1,1,,"2024-01-15","2024-01-15"
139,Final Crisis,,978-0000000099,comic,Comics,257,,English,1st,2000-01-01,6,0,1,A1-1-99,0,1,1,,"2024-01-15","2024-01-15"
140,"Killing Joke, The",,978-0000000100,comic,Comics,283,,English,1st,2000-01-01,6,0,1,A1-1-100,0,1,1,,"2024-01-15","2024-01-15"
141,Flashpoint,,978-0000000101,comic,Comics,265,,English,1st,2000-01-01,6,0,1,A1-1-101,0,1,1,,"2024-01-15","2024-01-15"
142,Batman Earth One,,978-0000000102,comic,Comics,265,,English,1st,2000-01-01,6,0,1,A1-1-102,0,1,1,,"2024-01-15","2024-01-15"
143,Crisis on Infinite Earths,,978-0000000103,comic,Comics,258,,English,1st,2000-01-01,6,0,1,A1-1-103,0,1,1,,"2024-01-15","2024-01-15"
144,"Numbers Behind Numb3rs, The","Devlin, Keith",978-0000000104,science,Science,202,,English,1st,2000-01-01,1,0,1,A1-1-104,0,1,1,,"2024-01-15","2024-01-15"
145,Superman Earth One - 1,,978-0000000105,comic,Comics,259,,English,1st,2000-01-01,6,0,1,A1-1-105,0,1,1,,"2024-01-15","2024-01-15"
146,Superman Earth One - 2,,978-0000000106,comic,Comics,258,,English,1st,2000-01-01,6,0,1,A1-1-106,0,1,1,,"2024-01-15","2024-01-15"
147,Justice League: Throne of Atlantis,,978-0000000107,comic,Comics,258,,English,1st,2000-01-01,6,0,1,A1-1-107,0,1,1,,"2024-01-15","2024-01-15"
148,Justice League: War,,978-0000000108,comic,Comics,258,,English,1st,2000-01-01,6,0,1,A1-1-108,0,1,1,,"2024-01-15","2024-01-15"
149,"Death of Superman, The",,978-0000000149,comic,Comics,258,,English,1st,2000-01-01,6,0,1,A1-1-149,0,1,1,,"2024-01-15","2024-01-15"
150,History of the DC Universe,,978-0000000150,comic,Comics,258,,English,1st,2000-01-01,6,0,1,A1-1-150,0,1,1,,"2024-01-15","2024-01-15"
151,Batman: The Long Halloween,,978-0000000151,comic,Comics,258,,English,1st,2000-01-01,6,0,1,A1-1-151,0,1,1,,"2024-01-15","2024-01-15"
152,"Life in Letters, A","Steinbeck, John",978-0000000152,nonfiction,Literature,196,,English,1st,2000-01-01,1,0,1,A1-1-152,0,1,1,,"2024-01-15","2024-01-15"
153,"Information, The","Gleick, James",978-0000000153,science,Science,233,,English,1st,2000-01-01,1,0,1,A1-1-153,0,1,1,,"2024-01-15","2024-01-15"
154,"Journal of Economics, vol 106 No 3",,978-0000000154,economics,Business,235,,English,1st,2000-01-01,1,0,1,A1-1-154,0,1,1,,"2024-01-15","2024-01-15"
155,Elements of Information Theory,"Thomas, Joy",978-0000000155,data_science,Computer Science,229,,English,1st,2000-01-01,1,0,1,A1-1-155,0,1,1,,"2024-01-15","2024-01-15"
156,Power Electronics - Rashid,"Rashid, Muhammad",978-0000000156,computer_science,Engineering,235,,English,1st,2000-01-01,1,0,1,A1-1-156,0,1,1,,"2024-01-15","2024-01-15"
157,Power Electronics - Mohan,"Mohan, Ned",978-0000000157,computer_science,Engineering,237,,English,1st,2000-01-01,1,0,1,A1-1-157,0,1,1,,"2024-01-15","2024-01-15"
158,Neural Networks,"Haykin, Simon",978-0000000158,data_science,Computer Science,240,,English,1st,2000-01-01,1,0,1,A1-1-158,0,1,1,,"2024-01-15","2024-01-15"
159,"Grapes of Wrath, The","Steinbeck, John",978-0000000159,fiction,Literature,196,,English,1st,2000-01-01,1,0,1,A1-1-159,0,1,1,,"2024-01-15","2024-01-15"
160,Vyakti ani Valli,"Deshpande, P L",978-0000000160,nonfiction,Literature,211,,English,1st,2000-01-01,1,0,1,A1-1-160,0,1,1,,"2024-01-15","2024-01-15"
161,Statistical Learning Theory,"Vapnik, Vladimir",978-0000000161,data_science,Computer Science,228,,English,1st,2000-01-01,1,0,1,A1-1-161,0,1,1,,"2024-01-15","2024-01-15"
162,Empire of the Mughal - The Tainted Throne,"Rutherford, Alex",978-0000000162,history,History,180,,English,1st,2000-01-01,1,0,1,A1-1-162,0,1,1,,"2024-01-15","2024-01-15"
163,Empire of the Mughal - Brothers at War,"Rutherford, Alex",978-0000000163,history,History,180,,English,1st,2000-01-01,1,0,1,A1-1-163,0,1,1,,"2024-01-15","2024-01-15"
164,Empire of the Mughal - Ruler of the World,"Rutherford, Alex",978-0000000164,history,History,180,,English,1st,2000-01-01,1,0,1,A1-1-164,0,1,1,,"2024-01-15","2024-01-15"
165,Empire of the Mughal - The Serpent's Tooth,"Rutherford, Alex",978-0000000165,history,History,180,,English,1st,2000-01-01,1,0,1,A1-1-165,0,1,1,,"2024-01-15","2024-01-15"
166,Empire of the Mughal - Raiders from the North,"Rutherford, Alex",978-0000000166,history,History,180,,English,1st,2000-01-01,1,0,1,A1-1-166,0,1,1,,"2024-01-15","2024-01-15"
167,Mossad,"Baz-Zohar, Michael",978-0000000167,history,History,236,,English,1st,2000-01-01,1,0,1,A1-1-167,0,1,1,,"2024-01-15","2024-01-15"
168,Jim Corbett Omnibus,"Corbett, Jim",978-0000000168,nonfiction,Biography,223,,English,1st,2000-01-01,1,0,1,A1-1-168,0,1,1,,"2024-01-15","2024-01-15"
169,20000 Leagues Under the Sea,"Verne, Jules",978-0000000169,fiction,Literature,190,,English,1st,2000-01-01,1,0,1,A1-1-169,0,1,1,,"2024-01-15","2024-01-15"
170,Batatyachi Chal,"Deshpande, P L",978-0000000170,fiction,Literature,200,,English,1st,2000-01-01,1,0,1,A1-1-170,0,1,1,,"2024-01-15","2024-01-15"
171,Hafasavnuk,"Deshpande, P L",978-0000000171,fiction,Literature,211,,English,1st,2000-01-01,1,0,1,A1-1-171,0,1,1,,"2024-01-15","2024-01-15"
172,Urlasurla,"Deshpande, P L",978-0000000172,fiction,Literature,211,,English,1st,2000-01-01,1,0,1,A1-1-172,0,1,1,,"2024-01-15","2024-01-15"
173,Pointers in C,"Kanetkar, Yashwant",978-0000000173,computer_science,Computer Science,213,,English,1st,2000-01-01,1,0,1,A1-1-173,0,1,1,,"2024-01-15","2024-01-15"
174,"Cathedral and the Bazaar, The","Raymond, Eric",978-0000000174,computer_science,Computer Science,217,,English,1st,2000-01-01,1,0,1,A1-1-174,0,1,1,,"2024-01-15","2024-01-15"
175,Design with OpAmps,"Franco, Sergio",978-0000000175,computer_science,Engineering,240,,English,1st,2000-01-01,1,0,1,A1-1-175,0,1,1,,"2024-01-15","2024-01-15"
176,Think Complexity,"Downey, Allen",978-0000000176,data_science,Computer Science,230,,English,1st,2000-01-01,1,0,1,A1-1-176,0,1,1,,"2024-01-15","2024-01-15"
177,"Devil's Advocate, The","West, Morris",978-0000000177,fiction,Literature,178,,English,1st,2000-01-01,1,0,1,A1-1-177,0,1,1,,"2024-01-15","2024-01-15"
178,Ayn Rand Answers,"Rand, Ayn",978-0000000178,philosophy,Philosophy,203,,English,1st,2000-01-01,1,0,1,A1-1-178,0,1,1,,"2024-01-15","2024-01-15"
179,Philosophy: Who Needs It,"Rand, Ayn",978-0000000179,philosophy,Philosophy,171,,English,1st,2000-01-01,1,0,1,A1-1-179,0,1,1,,"2024-01-15","2024-01-15"
180,"World's Great Thinkers, The",,978-0000000180,philosophy,Philosophy,189,,English,1st,2000-01-01,1,0,1,A1-1-180,0,1,1,,"2024-01-15","2024-01-15"
181,Data Analysis with Open Source Tools,"Janert, Phillip",978-0000000181,data_science,Computer Science,230,,English,1st,2000-01-01,1,0,1,A1-1-181,0,1,1,,"2024-01-15","2024-01-15"
182,Broca's Brain,"Sagan, Carl",978-0000000182,science,Science,174,,English,1st,2000-01-01,1,0,1,A1-1-182,0,1,1,,"2024-01-15","2024-01-15"
183,Men of Mathematics,"Bell, E T",978-0000000183,mathematics,Mathematics,217,,English,1st,2000-01-01,1,0,1,A1-1-183,0,1,1,,"2024-01-15","2024-01-15"
184,Oxford book of Modern Science Writing,"Dawkins, Richard",978-0000000184,science,Science,240,,English,1st,2000-01-01,1,0,1,A1-1-184,0,1,1,,"2024-01-15","2024-01-15"
185,"Justice, Judiciary and Democracy","Ranjan, Sudhanshu",978-0000000185,philosophy,Philosophy,224,,English,1st,2000-01-01,1,0,1,A1-1-185,0,1,1,,"2024-01-15","2024-01-15"
186,"Arthashastra, The","Kautiyla",978-0000000186,philosophy,Philosophy,214,,English,1st,2000-01-01,1,0,1,A1-1-186,0,1,1,,"2024-01-15","2024-01-15"
187,We the People,"Palkhivala",978-0000000187,philosophy,Philosophy,216,,English,1st,2000-01-01,1,0,1,A1-1-187,0,1,1,,"2024-01-15","2024-01-15"
188,We the Nation,"Palkhivala",978-0000000188,philosophy,Philosophy,216,,English,1st,2000-01-01,1,0,1,A1-1-188,0,1,1,,"2024-01-15","2024-01-15"
189,"Courtroom Genius, The","Sorabjee",978-0000000189,nonfiction,Law,217,,English,1st,2000-01-01,1,0,1,A1-1-189,0,1,1,,"2024-01-15","2024-01-15"
190,Dongri to Dubai,"Zaidi, Hussain",978-0000000190,nonfiction,True Crime,216,,English,1st,2000-01-01,1,0,1,A1-1-190,0,1,1,,"2024-01-15","2024-01-15"
191,"History of England, Foundation","Ackroyd, Peter",978-0000000191,history,History,197,,English,1st,2000-01-01,1,0,1,A1-1-191,0,1,1,,"2024-01-15","2024-01-15"
192,City of Djinns,"Dalrymple, William",978-0000000192,history,History,198,,English,1st,2000-01-01,1,0,1,A1-1-192,0,1,1,,"2024-01-15","2024-01-15"
193,India's Legal System,"Nariman",978-0000000193,nonfiction,Law,177,,English,1st,2000-01-01,1,0,1,A1-1-193,0,1,1,,"2024-01-15","2024-01-15"
194,More Tears to Cry,"Sassoon, Jean",978-0000000194,fiction,Literature,235,,English,1st,2000-01-01,1,0,1,A1-1-194,0,1,1,,"2024-01-15","2024-01-15"
195,"Ropemaker, The","Dickinson, Peter",978-0000000195,fiction,Literature,196,,English,1st,2000-01-01,1,0,1,A1-1-195,0,1,1,,"2024-01-15","2024-01-15"
196,Angels & Demons,"Brown, Dan",978-0000000196,fiction,Literature,170,,English,1st,2000-01-01,1,0,1,A1-1-196,0,1,1,,"2024-01-15","2024-01-15"
197,"Judge, The",,978-0000000197,fiction,Literature,170,,English,1st,2000-01-01,1,0,1,A1-1-197,0,1,1,,"2024-01-15","2024-01-15"
198,"Attorney, The",,978-0000000198,fiction,Literature,170,,English,1st,2000-01-01,1,0,1,A1-1-198,0,1,1,,"2024-01-15","2024-01-15"
199,"Prince, The","Machiavelli",978-0000000199,philosophy,Philosophy,173,,English,1st,2000-01-01,1,0,1,A1-1-199,0,1,1,,"2024-01-15","2024-01-15"
200,Eyeless in Gaza,"Huxley, Aldous",978-0000000200,fiction,Literature,180,,English,1st,2000-01-01,1,0,1,A1-1-200,0,1,1,,"2024-01-15","2024-01-15"
201,Tales of Beedle the Bard,"Rowling, J K",978-0000000201,fiction,Literature,184,,English,1st,2000-01-01,1,0,1,A1-1-201,0,1,1,,"2024-01-15","2024-01-15"
202,Girl with the Dragon Tattoo,"Larsson, Steig",978-0000000202,fiction,Literature,179,,English,1st,2000-01-01,1,0,1,A1-1-202,0,1,1,,"2024-01-15","2024-01-15"
203,Girl who kicked the Hornet's Nest,"Larsson, Steig",978-0000000203,fiction,Literature,179,,English,1st,2000-01-01,1,0,1,A1-1-203,0,1,1,,"2024-01-15","2024-01-15"
204,Girl who played with Fire,"Larsson, Steig",978-0000000204,fiction,Literature,179,,English,1st,2000-01-01,1,0,1,A1-1-204,0,1,1,,"2024-01-15","2024-01-15"
205,Batman Handbook,,978-0000000205,comic,Comics,270,,English,1st,2000-01-01,6,0,1,A1-1-205,0,1,1,,"2024-01-15","2024-01-15"
206,Murphy's Law,,978-0000000206,nonfiction,Self-Help,178,,English,1st,2000-01-01,1,0,1,A1-1-206,0,1,1,,"2024-01-15","2024-01-15"
207,Structure and Randomness,"Tao, Terence",978-0000000207,mathematics,Mathematics,252,,English,1st,2000-01-01,1,0,1,A1-1-207,0,1,1,,"2024-01-15","2024-01-15"
208,Image Processing with MATLAB,"Eddins, Steve",978-0000000208,signal_processing,Engineering,241,,English,1st,2000-01-01,1,0,1,A1-1-208,0,1,1,,"2024-01-15","2024-01-15"
209,Animal Farm,"Orwell, George",978-0000000209,fiction,Literature,180,,English,1st,2000-01-01,1,0,1,A1-1-209,0,1,1,,"2024-01-15","2024-01-15"
210,"Idiot, The","Dostoevsky, Fyodor",978-0000000210,fiction,Literature,197,,English,1st,2000-01-01,1,0,1,A1-1-210,0,1,1,,"2024-01-15","2024-01-15"
211,International Journal of Computer Science,"Various",978-0000000211,Journal,Computer Science,180,TechPress,English,1st,2000-01-01,2,1,1,A1-2-1,0,1,1,,"2024-01-15","2024-01-15"
212,Journal of Advanced Engineering,"Various",978-0000000212,Journal,Engineering,200,Global Science Media,English,1st,2000-01-01,2,1,1,A1-2-2,0,1,1,,"2024-01-15","2024-01-15"
213,Indian Journal of Modern Education,"Various",978-0000000213,Journal,Education,150,Sharma Publications,English,1st,2000-01-01,2,1,1,A1-2-3,0,1,1,,"2024-01-15","2024-01-15"
214,Journal of Environmental Studies,"Various",978-0000000214,Journal,Environmental Science,220,Green Earth Journals,English,1st,2000-01-01,2,1,1,A1-2-4,0,1,1,,"2024-01-15","2024-01-15"
215,Journal of Medical Informatics,"Various",978-0000000215,Journal,Medical,190,HealthTech Press,English,1st,2000-01-01,2,1,1,A1-2-5,0,1,1,,"2024-01-15","2024-01-15"
216,International Journal of Data Science,"Various",978-0000000216,Journal,Data Science,210,DataWorld Publications,English,1st,2000-01-01,2,1,1,A1-2-6,0,1,1,,"2024-01-15","2024-01-15"
217,Journal of Artificial Intelligence Research,"Various",978-0000000217,Journal,Artificial Intelligence,230,AI Insight Press,English,1st,2000-01-01,2,1,1,A1-2-7,0,1,1,,"2024-01-15","2024-01-15"
218,Journal of Renewable Energy Systems,"Various",978-0000000218,Journal,Energy,195,Sunrise Academic,English,1st,2000-01-01,2,1,1,A1-2-8,0,1,1,,"2024-01-15","2024-01-15"
219,International Journal of Business Management,"Various",978-0000000219,Journal,Business,205,Enterprise Press,English,1st,2000-01-01,2,1,1,A1-2-9,0,1,1,,"2024-01-15","2024-01-15"
220,Journal of Social Sciences Review,"Various",978-0000000220,Journal,Social Sciences,175,Humanities House,English,1st,2000-01-01,2,1,1,A1-2-10,0,1,1,,"2024-01-15","2024-01-15"
221,Journal of Civil Engineering and Design,"Various",978-0000000221,Journal,Civil Engineering,240,InfraTech Media,English,1st,2000-01-01,2,1,1,A1-2-11,0,1,1,,"2024-01-15","2024-01-15"
222,International Journal of Electronics and Communication,"Various",978-0000000222,Journal,Electronics,260,CircuitWorld Press,English,1st,2000-01-01,2,1,1,A1-2-12,0,1,1,,"2024-01-15","2024-01-15"
223,Journal of Information Security,"Various",978-0000000223,Journal,Cybersecurity,185,CyberShield Publications,English,1st,2000-01-01,2,1,1,A1-2-13,0,1,1,,"2024-01-15","2024-01-15"
224,Journal of Cloud Computing,"Various",978-0000000224,Journal,Cloud Computing,210,CloudNine Academic,English,1st,2000-01-01,2,1,1,A1-2-14,0,1,1,,"2024-01-15","2024-01-15"
225,International Journal of Robotics and Automation,"Various",978-0000000225,Journal,Robotics,225,RoboTech Press,English,1st,2000-01-01,2,1,1,A1-2-15,0,1,1,,"2024-01-15","2024-01-15"
226,Journal of Biotechnology and Life Sciences,"Various",978-0000000226,Journal,Biotechnology,215,BioFuture Media,English,1st,2000-01-01,2,1,1,A1-2-16,0,1,1,,"2024-01-15","2024-01-15"
227,Journal of Applied Mathematics,"Various",978-0000000227,Journal,Mathematics,190,NumberLine Publications,English,1st,2000-01-01,2,1,1,A1-2-17,0,1,1,,"2024-01-15","2024-01-15"
228,International Journal of Humanities and Culture,"Various",978-0000000228,Journal,Humanities,170,Heritage Press,English,1st,2000-01-01,2,1,1,A1-2-18,0,1,1,,"2024-01-15","2024-01-15"
229,Journal of Urban Planning and Development,"Various",978-0000000229,Journal,Urban Planning,230,Metro Academic,English,1st,2000-01-01,2,1,1,A1-2-19,0,1,1,,"2024-01-15","2024-01-15"
230,Journal of Cyber Physical Systems,"Various",978-0000000230,Journal,Cybernetics,200,SmartGrid Press,English,1st,2000-01-01,2,1,1,A1-2-20,0,1,1,,"2024-01-15","2024-01-15"
231,Journal of Modern Physics,"Various",978-0000000231,Journal,Physics,250,Quantum Line Media,English,1st,2000-01-01,2,1,1,A1-2-21,0,1,1,,"2024-01-15","2024-01-15"
232,International Journal of Chemistry Research,"Various",978-0000000232,Journal,Chemistry,210,LabWorld Publications,English,1st,2000-01-01,2,1,1,A1-2-22,0,1,1,,"2024-01-15","2024-01-15"
233,Journal of Agricultural Innovation,"Various",978-0000000233,Journal,Agriculture,190,AgroTech Press,English,1st,2000-01-01,2,1,1,A1-2-23,0,1,1,,"2024-01-15","2024-01-15"
234,Journal of E-Governance and Policy,"Various",978-0000000234,Journal,Public Policy,180,StateCraft Academic,English,1st,2000-01-01,2,1,1,A1-2-24,0,1,1,,"2024-01-15","2024-01-15"
235,Journal of Transportation Systems,"Various",978-0000000235,Journal,Transportation,220,Transit Press,English,1st,2000-01-01,2,1,1,A1-2-25,0,1,1,,"2024-01-15","2024-01-15"
236,A Study on Machine Learning in Healthcare,"Ravi Kumar; Priya Sharma",978-0000000236,Research Paper,Healthcare,18,TechPress,English,1st,2000-01-01,3,1,1,A1-3-1,0,1,1,,"2024-01-15","2024-01-15"
237,Deep Learning Approaches for Image Recognition,"Alex Verma; Neha Rao",978-0000000237,Research Paper,Computer Vision,22,Visionary Media,English,1st,2000-01-01,3,1,1,A1-3-2,0,1,1,,"2024-01-15","2024-01-15"
238,Blockchain-based Secure Voting System,"Arjun Patel; Sneha Iyer",978-0000000238,Research Paper,Blockchain,16,CryptoTech Publications,English,1st,2000-01-01,3,1,1,A1-3-3,0,1,1,,"2024-01-15","2024-01-15"
239,Optimization of Solar Panel Layouts,"Manoj Das; Kavita Singh",978-0000000239,Research Paper,Renewable Energy,20,Green Earth Journals,English,1st,2000-01-01,3,1,1,A1-3-4,0,1,1,,"2024-01-15","2024-01-15"
240,An Analysis of 5G Network Performance,"Rahul Mehta; Pooja Nair",978-0000000240,Research Paper,Telecommunications,19,Global Science Media,English,1st,2000-01-01,3,1,1,A1-3-5,0,1,1,,"2024-01-15","2024-01-15"
241,IoT-based Smart Home Monitoring System,"Ankit Sahu; Ritu Mishra",978-0000000241,Research Paper,IoT,17,HomeTech Press,English,1st,2000-01-01,3,1,1,A1-3-6,0,1,1,,"2024-01-15","2024-01-15"
242,Big Data Analytics for Retail Forecasting,"Sanjay Gupta; Lata Menon",978-0000000242,Research Paper,Data Analytics,21,DataWorld Publications,English,1st,2000-01-01,3,1,1,A1-3-7,0,1,1,,"2024-01-15","2024-01-15"
243,Evaluation of Online Learning Platforms,"Sunita Das; Harsh Vardhan",978-0000000243,Research Paper,Education Technology,15,EdTech Review,English,1st,2000-01-01,3,1,1,A1-3-8,0,1,1,,"2024-01-15","2024-01-15"
244,Design of Low Power VLSI Circuits,"Abhishek Rao; Kiran Patil",978-0000000244,Research Paper,VLSI,23,CircuitWorld Press,English,1st,2000-01-01,3,1,1,A1-3-9,0,1,1,,"2024-01-15","2024-01-15"
245,A Survey on Cybersecurity Threats in SMEs,"Vikram Jain; Meera Kulkarni",978-0000000245,Research Paper,Cybersecurity,18,CyberShield Publications,English,1st,2000-01-01,3,1,1,A1-3-10,0,1,1,,"2024-01-15","2024-01-15"
246,Traffic Prediction Using Neural Networks,"Prakash Sahu; Deepti Sharma",978-0000000246,Research Paper,Traffic Engineering,20,Transit Press,English,1st,2000-01-01,3,1,1,A1-3-11,0,1,1,,"2024-01-15","2024-01-15"
247,Analysis of Water Quality in Urban Areas,"Anand Mishra; Rina Sahu",978-0000000247,Research Paper,Environmental Science,14,Metro Academic,English,1st,2000-01-01,3,1,1,A1-3-12,0,1,1,,"2024-01-15","2024-01-15"
248,Impact of Social Media on Youth Behaviour,"Swati Verma; Rohit Anand",978-0000000248,Research Paper,Social Sciences,16,Humanities House,English,1st,2000-01-01,3,1,1,A1-3-13,0,1,1,,"2024-01-15","2024-01-15"
249,Comparative Study of SQL and NoSQL Databases,"Krishna Patel; Mohit Jain",978-0000000249,Research Paper,Database Systems,18,TechPress,English,1st,2000-01-01,3,1,1,A1-3-14,0,1,1,,"2024-01-15","2024-01-15"
250,Cloud-native Microservices Architecture Review,"Sharad Rao; Nisha Dube",978-0000000250,Research Paper,Cloud Computing,19,CloudNine Academic,English,1st,2000-01-01,3,1,1,A1-3-15,0,1,1,,"2024-01-15","2024-01-15"
251,Use of Drones in Precision Agriculture,"Ajay Singh; Rupal Kaur",978-0000000251,Research Paper,Agriculture Technology,17,AgroTech Press,English,1st,2000-01-01,3,1,1,A1-3-16,0,1,1,,"2024-01-15","2024-01-15"
252,Speech Recognition using Deep Neural Networks,"Farhan Ali; Kavya Sreedhar",978-0000000252,Research Paper,Speech Processing,21,AI Insight Press,English,1st,2000-01-01,3,1,1,A1-3-17,0,1,1,,"2024-01-15","2024-01-15"
253,Energy Efficient Routing in Wireless Sensor Networks,"Ritesh Nanda; Priti Sahu",978-0000000253,Research Paper,Wireless Networks,20,InfraTech Media,English,1st,2000-01-01,3,1,1,A1-3-18,0,1,1,,"2024-01-15","2024-01-15"
254,Face Recognition using CNN Models,"Harshit Tiwari; Sonal Gupta",978-0000000254,Research Paper,Computer Vision,18,Visionary Media,English,1st,2000-01-01,3,1,1,A1-3-19,0,1,1,,"2024-01-15","2024-01-15"
255,Predictive Maintenance in Manufacturing using IoT,"Devesh Rao; Anjali Sinha",978-0000000255,Research Paper,Predictive Analytics,22,SmartGrid Press,English,1st,2000-01-01,3,1,1,A1-3-20,0,1,1,,"2024-01-15","2024-01-15"
256,Sentiment Analysis of Product Reviews using NLP,"Nikhil Verma; Shruti Das",978-0000000256,Research Paper,Natural Language Processing,19,DataWorld Publications,English,1st,2000-01-01,3,1,1,A1-3-21,0,1,1,,"2024-01-15","2024-01-15"
257,Design of an Automated Library Management System,"Ashutosh Panda; Jyoti Rani",978-0000000257,Research Paper,Library Science,16,CampusTech Press,English,1st,2000-01-01,3,1,1,A1-3-22,0,1,1,,"2024-01-15","2024-01-15"
258,Smart Attendance System using RFID and Face ID,"Saurabh Mishra; Puja Nayak",978-0000000258,Research Paper,Biometrics,18,CampusTech Press,English,1st,2000-01-01,3,1,1,A1-3-23,0,1,1,,"2024-01-15","2024-01-15"
259,Effect of Online Food Delivery Apps on Urban Lifestyle,"Siddharth Das; Anu Priya",978-0000000259,Research Paper,Urban Studies,15,UrbanStudies Press,English,1st,2000-01-01,3,1,1,A1-3-24,0,1,1,,"2024-01-15","2024-01-15"